Geschlecht,value
nMännerTotal,7.188940092165899
nFrauenTotal,2.463302752293578
