Rolle,value
"Expertin, Auskunftsperson",0.3128834355828221
beides,0.26993865030674846
"Betroffene, Protagonistin",0.4171779141104294
