Autorinnenzeile,value
nur männlich,0.660377358490566
beides,0.8148148148148148
nur weiblich,0.821917808219178
