Jahr,value
2020,0.2929936305732484
2019,0.1794871794871795
2018,0.1534526854219949
